Email,Url
info@rougecalgary.com | events@rougecalgary.com,https://rougecalgary.com/
hope@briggskitchenandbar.com,https://briggskandb.com/
ndamascus_r@live.com,https://www.damascuscalgary.com/
graham@cardinale.ca | info@cardinale.ca | jnfo@cardinale.ca,https://www.cardinale.ca/
donations@oliverbonacini.com,https://www.theguildrestaurant.com/contact/
ninfo@po-ke.ca,http://po-ke.ca
info@dirtbelly.com,http://www.dirtbelly.com/
info@mercatowest.com,http://www.mercatowest.com
teffngreens@gmail.com | info@teffngreens.ca,http://teffngreens.ca
info@shawarmaknight.com,http://www.shawarmaknight.com/contact-us/
marketing@sharkclub.com | info@sharkclub.com,https://www.sharkclub.com/contact/
info@thaiexpress.ca,https://thaiexpress.ca/contact-us/
email@email.com,https://www.demetrispizza.com
team@latofonts.com | anapbm@gmail.com,https://waterlookitchenandbar.com/
info@naanstopgrill.ca,http://naanstopgrill.ca
orders@sajbakerycalgary.com,http://sajbakerycalgary.com
8b4e078a51d04e0e9efdf470027f0ec1@sentry.wixpress,https://www.mukujapaneseramen.ca/
impallari@gmail.com,https://bellaroma.ca/
masacalgary@hotmail.com,http://masacalgary.com
eat@pzaparlour.com,http://pzaparlour.com
sushitokicalgary@gmail.com,http://www.sushitoki.ca/
info@greenchili.ca,https://www.greenchili.ca/
info@rajdoot.ca,http://www.rajdoot.ca/
bwmyers@kahalamgmt.com,https://muchoburrito.com/
scharland@dfic.ca | sales@dfic.ca | reservations@dfic.ca | tjordan@dfic.ca | rfeatherstone@dfic.ca | casino@dfic.ca | info@dfic.ca | cprokopchuk@dfic.ca,https://deerfootinn.com/contact-directions/
turmericcalgary@gmail.com,http://theturmeric.ca
thai-nk@telus.net,http://thai-nk.com/contactus.html
hello@namvk.com,http://www.namvk.com/
izzo@jerusalem-shawarma.ca,http://jerusalem-shawarma.ca
indiquenolanhill@gmail.com | indiqueunique@gmail.com,http://indiquecalgary.com
spudmobeel@primus.ca,http://spudmobeel.ca/contactus.html
contact@sansoxygen.com,https://scotianstyle.ca/
sset-5@2x-300x87.png | sset-5@2x.png | sset-6@2x.png | sset-6@2x-300x87.png,https://chicagodeepdish.com/
info@bowtiepizza.com,https://bowtiepizza.com/
sonomamarketcafe@gmail.com | 8b4e078a51d04e0e9efdf470027f0ec1@sentry.wixpress | sonomamarketcafe@shaw.ca,https://www.sonomaon9th.ca/
tajmahalcalgary01@gmail.com | 8b4e078a51d04e0e9efdf470027f0ec1@sentry.wixpress | support@riiwards.com,https://www.tajmahal-calgary.com/
8b4e078a51d04e0e9efdf470027f0ec1@sentry.wixpress | tassebakery@shaw.ca,https://www.tassebakery.com/
phobinhminhcalgary@gmail.com,https://phobinhminh.ca/
info@silverinnrestaurant.com,http://silverinnrestaurant.com
example@mail.com,https://royalindia-calgary.com/
sue@pasu.com | info@pasu.com,http://www.pasu.com/
advertising@humptys.com,http://www.humptys.com/contact-us/
info@greenchili.ca,https://www.greenchili.ca/
jobs@sircorp.com,https://jackastors.com/
becca@themet.ca | info@themet.ca,https://www.themet.ca/
fancybox_loading@2x.gif | info@bottlescrewbill.com | party@bottlescrewbill.com | stampede@bottlescrewbill.com | fancybox_sprite@2x.png | arty@bottlescrewbill.com,http://bottlescrewbill.com
info@ourdailybrett.com,https://www.ourdailybrett.com/
8b4e078a51d04e0e9efdf470027f0ec1@sentry.wixpress,https://www.ladybugandcafe.com/
13e49d785d8d4f828038b6136f3b48ba@sentry.io,https://www.burger320.com
info@chiliescalgary.com,http://chilliescalgary.com/contact/
info@pulcinella.ca,https://pulcinella.ca/contact/
hello@myvillageyyc.com,https://www.myvillageyyc.com/
marcininc@gmail.com | info@cracoviadeli.com,http://cracoviadeli.com
_logo@2x.png,http://ntnl.ca
8b4e078a51d04e0e9efdf470027f0ec1@sentry.wixpress,https://www.wix.com/lphtml/parking?redirectedFor=mazajloungecalgary.com
info@biteyyc.com,https://biteyyc.com/
francesca@ss106.ca,http://ss106.ca
info@lougheedhouse.com,https://lougheedhouse.com/
8b4e078a51d04e0e9efdf470027f0ec1@sentry.wixpress,https://www.carlsjr.ca/
ithink@fatburgercanada.com | franchise@fatburgercanada.com | marketing@fatburgercanada.com | jobs@fatburgercanada.com,https://www.fatburgercanada.com/contact-us-2/
_logo@2x.png,http://ntnl.ca
manager@gmail.com,http://skylarkrestaurant.ca/contact-us
astigma@astigmatic.com,https://thaiboat.ca/
8b4e078a51d04e0e9efdf470027f0ec1@sentry.wixpress,https://www.lolasfilipinokitchen.com/
info@inspiredgo.ca,https://inspiredgo.ca/
socialmedia@brownssocialhouse.com,https://brownssocialhouse.com/
comtact.spicehut@gmail.com | contact.spicehut@gmail.com,https://spice-hut.com/
manager@levilla.ca,https://www.levilla.ca/
mvanberkel@glenmoreinn.com | brendadavidson@glenmoreinn.com | perrywilford@glenmoreinn.com | sstonier@glenmoreinn.com | dalechorney@glenmoreinn.com | reservations@glenmoreinn.com | chrisbates@glenmoreinn.com | sandypuskaric@glenmoreinn.com | cindythomas@glenmoreinn.com,https://www.glenmoreinn.com/contact.php
amandinebakery@gmail.com,https://www.amandinebakery.net
ero-logo@2x-1.png | dining-hero@2x-1-1024x682.jpg | ero-logo@2x.png,https://www.greyeagleresortandcasino.ca/
2@test.com | 1@test.com | 0@test.com,https://chop.ca/contact-us
sera@scarpones.com,http://www.italianstore.ca/contact-us/
info@parkkitchen.ca,http://www.parkkitchen.ca/
jackylu.ca@gmail.com | gonaturefood@hotmail.com,https://sushipartyblog.wordpress.com/contact/
8b4e078a51d04e0e9efdf470027f0ec1@sentry.wixpress | earthsoven@gmail.com,https://www.earthsoven.com/
mustapha_pitabasket@hotmail.com,http://www.pitabasket.com/location-and-contact.html
contact@heartschoices.com,https://heartschoices.com/contact-us/
eonkim@live.co | meshicalgary@gmail.com,https://www.meshicalgary.com/
info@chezcora.com,https://www.chezcora.com/en
ambrosia.veggie@gmail.com,http://ambrosiaveggie.com
eben@eyebytes.com | info@thechickpea.ca,https://thechickpea.ca/
info@winsport.ca | train@winsport.ca,https://www.winsport.ca/aboutwinsportcanada/contact.cfm
calgarymeats@yahoo.ca,https://www.calgarymeats.com
orders@marathonethiopian.ca,http://marathonethiopian.ca
info@tintindimsum.com,http://tintindimsum.com
sharon@shefsfierykitchen.com | shef@shefsfierykitchen.com,https://shefsfierykitchen.com/site/
8b4e078a51d04e0e9efdf470027f0ec1@sentry.wixpress,https://www.seniorespizza.ca/
info@forkandsalad.com,https://forkandsalad.com/contact-us/
info@eattrattoria.ca,https://eattrattoria.ca/contact/
socialmedia@brownssocialhouse.com,https://brownssocialhouse.com/
email@example.com | info@rossocoffeeroasters.com,https://rossocoffeeroasters.com/
info@onopokeco.com | marketing.onopokeco@gmail.com,https://www.onopokeco.com/
faisalkababhutltd@gmail.com,https://www.fahadrestaurant.com/contact-us.html
john@waalflower.ca,https://waalflower.ca/contact/
connect@triocafe.ca,https://www.triocafe.ca/contact-us.html
info@milanocoffee.ca,http://milanocoffee.ca
media@cactusclubcafe.com | reception@cactusclubcafe.com,https://www.cactusclubcafe.com/contact-us/
info@theplacerestaurant.ca,http://theplacerestaurant.ca/contact_the_place.html
_logo@2x.png,http://ntnl.ca
events@doublezeropizza.ca,https://www.doublezeropizza.ca/
emaildemo@hostopia.com | alec.ferguson@me.com | 1@holysmokebbq.ca | atering@holysmokebbq.ca,http://holysmokebbq.ca
ogo-150x50_160x160@2x.png | _160x160@2x.png | -150x70_1_160x160@2x.png | shaw_logo-150x64_160x160@2x.png | metro-logo-150x50_160x160@2x.png | taste-logo_cb2c3aff-ffcf-4b8e-a739-f573ef11aec1_280x@2x.png | -logo-150x62_160x160@2x.png | -108x75_160x160@2x.png | -150x72_160x160@2x.png | _580x@2x.jpg | taste@tasteofcalgary.com,https://tasteofcalgary.com/
calgary@thehexcafe.com | edmonton@thehexcafe.com,https://thehexcafe.com/
info@blancocantina.ca,https://blancocantina.ca/
13e49d785d8d4f828038b6136f3b48ba@sentry.io,https://www.burger320.com
tandooripalacecalgary@gmail.com,https://tandooripalacecalgary.ca/
info@powpizza.ca,https://powpizza.ca/
8b4e078a51d04e0e9efdf470027f0ec1@sentry.wixpress,https://www.rajasgrillcalgary.com/
info@dspotdessert.com,https://www.dspotdessert.com/contact/
justbbqinc@gmail.com | info@justbbqyyc.ca,https://www.justbbq.ca/
caribbean.choice@hotmail.com,http://www.caribbeanchoicecalgary.ca
gordy_poco@hotmail.com,http://pocolocopizza.com
info@eatchronictacos.com,https://www.chronictacos.com/
migarock0224@gmail.com,http://migarock.ca
bil@4thspot.com,https://www.spotoncalgary.com/
bkkstreetfood@telus.net,http://bkkstreetfood.com
events@bmex.ca,http://frenchieyyc.com
qelder@cliveburger.com,https://www.cliveburger.com/
eat@shawarmaqueen.ca,https://shawarmaave.weebly.com/contact.html
virginia@regrub.ca,https://www.regrub.ca/
virginia@regrub.ca,https://www.regrub.ca/
hungry@lilempireburger.com,https://www.lilempireburger.com/
orders@littlespice.ca,http://littlespice.ca
hfbc0005@healthfare.ca | 005@healthfare.ca,http://www.healthfare.ca
info@barburrito.ca,https://www.barburrito.ca/contact/
quesada_055@quesada.ca | quesada_204@quesada.ca | quesada_137@quesada.ca | quesada_047t1@quesada.ca | quesada_119@quesada.ca | quesada_142nt@quesada.ca | quesada_076@quesada.ca | quesada_021@quesada.ca | quesada_031t1@quesada.ca | quesada_188@quesada.ca | quesada_138@quesada.ca | quesada_069@quesada.ca | quesada_156@quesada.ca | quesada_110@quesada.ca | quesada_123@quesada.ca | quesada_212@quesada.ca | quesada_081@quesada.ca | quesada_023@quesada.ca | quesada_091@quesada.ca | quesada_024@quesada.ca | quesada_117@quesada.ca | kingst@quesada.ca | quesada_096@quesada.ca | quesada_016t2@quesada.ca | quesada_133@quesada.ca | quesada_077@quesada.ca | quesada_116@quesada.ca | quesada_166@quesada.ca | quesada_060@quesada.ca | quesada_171@quesada.ca | quesada_094@quesada.ca | quesada_135@quesada.ca | quesada_128@quesada.ca | quesada_189@quesada.ca | quesada_070@quesada.ca | quesada_175@quesada.ca | quesada_147@quesada.ca | quesada_046@quesada.ca | quesada_182@quesada.ca | quesada_163@quesada.ca | quesada_173@quesada.ca | quesada_136t1@quesada.ca | quesada_072@quesada.ca | quesada_080@quesada.ca | quesada_103@quesada.ca | quesada_025@quesada.ca | 2@quesada.ca | quesada_101@quesada.ca | quesada_145@quesada.ca | quesada_174@quesada.ca | quesada_029@quesada.ca | quesada_048t1@quesada.ca | quesada_093@quesada.ca | quesada_052@quesada.ca | quesada_185@quesada.ca | quesada_032t1@quesada.ca | quesada_199@quesada.ca | quesada_092@quesada.ca | quesada_178@quesada.ca | quesada_132@quesada.ca | quesada_150@quesada.ca | quesada_095@quesada.ca | quesada_041t1@quesada.ca | quesada_082t1@quesada.ca | quesada_083@quesada.ca | quesada_118@quesada.ca | quesada_139@quesada.ca | quesada_017@quesada.ca | quesada_030t1@quesada.ca | quesada_151@quesada.ca | quesada_120@quesada.ca | quesada_194@quesada.ca | quesada_033t1@quesada.ca | quesada_073@quesada.ca | quesada_180@quesada.ca | quesada_165@quesada.ca | quesada_164@quesada.ca | quesada_063@quesada.ca | quesada_015t1@quesada.ca | quesada_066@quesada.ca | quesada_149@quesada.ca | quesada_111@quesada.ca | quesada_105@quesada.ca | quesada_157@quesada.ca | quesada_062@quesada.ca | quesada_141@quesada.ca | quesada_170@quesada.ca | warden@quesada.ca | quesada_195@quesada.ca | quesada_172@quesada.ca | quesada_034@quesada.ca | quesada_107t1@quesada.ca | wellington@quesada.ca | quesada_045@quesada.ca | quesada_020@quesada.ca | quesada_065@quesada.ca | quesada_088@quesada.ca | quesada_022t1@quesada.ca | quesada_124@quesada.ca | quesada_079@quesada.ca | quesada_067@quesada.ca | quesada_043@quesada.ca | quesada_153@quesada.ca | quesada_054t1@quesada.ca | quesada_014t1@quesada.ca | quesada_097@quesada.ca | quesada_140@quesada.ca | quesada_125@quesada.ca | quesada_169@quesada.ca | quesada_126@quesada.ca | quesada_084@quesada.ca | quesada_026t1@quesada.ca | quesada_160@quesada.ca | quesada_168@quesada.ca | quesada_104@quesada.ca | quesada_018@quesada.ca | quesada_089@quesada.ca | quesada_127@quesada.ca | quesada_028t1@quesada.ca | quesada_027@quesada.ca | quesada_109@quesada.ca | quesada_053@quesada.ca | quesada_090@quesada.ca | quesada_087t1@quesada.ca | quesada_183@quesada.ca | quesada_152@quesada.ca | quesada_102@quesada.ca | quesada_201@quesada.ca | quesada_158@quesada.ca | quesada_148@quesada.ca | quesada_036@quesada.ca | quesada_064@quesada.ca | quesada_203@quesada.ca,https://quesada.ca/contact/
cinnamonyyc@gmail.com,http://www.cinnamoncalgary.ca/contact/
contact@jinyaholdings.com,http://jinya-ramenbar.com
eat@villafirenze.ca,https://www.villafirenze.ca/
info@sauceitalianmarket.com,http://sauceitalianmarket.com
terrylam3388@yahoo.ca,http://saigonrex.ca
email@example.com | info@rossocoffeeroasters.com,https://rossocoffeeroasters.com/
info@sukiyakihouse.com,https://www.sukiyakihouse.com/
8b4e078a51d04e0e9efdf470027f0ec1@sentry.wixpress,https://www.metal-galaxy.com/
8b4e078a51d04e0e9efdf470027f0ec1@sentry.wixpress,https://www.oceanacalgary.com/
info@nextdoorwinebar.ca | roup-41@2x.png | roup-41@2x-300x33.png | roup-7@2x.png,https://nextdoorwinebar.ca/
8b4e078a51d04e0e9efdf470027f0ec1@sentry.wixpress | info_salsita@shaw.ca,https://www.salsita.ca/
example@mail.com,https://samurairamen-sushi.com/
jesse@citypalate.ca,https://citypalate.ca/home/contact-us/
zeljic.nebojsa@gmail.com,http://pizzeriagaga.ca
events@sky360.ca,https://www.sky360.ca/
8b4e078a51d04e0e9efdf470027f0ec1@sentry.wixpress | cbm_1024x1024@2x.jpg | info@commonbondyyc.com,https://www.commonbondyyc.com/
info@sucrecafe.com,https://sucrecafe.com/contact-us/
dattaj@shaw.ca,https://www.restaurantpuspa.com/
info@charcoalgrill.com | kekitchen@gmail.com,https://kecharcoalgrill.com/
8b4e078a51d04e0e9efdf470027f0ec1@sentry.wixpress,https://www.carminespizza.ca/
info@biteyyc.com,https://biteyyc.com/
orders@singaporesams.com,http://singaporesams.com
info@barvonderfels.com,https://barvonderfels.com/
ottawa@millstreetbrewpub.ca | oileau@millstreetbrewery.com | stjohnsbrewpub@millstreetbrewery.com | torontobrewpub@millstreetbrewery.com | ottawabrewpub@millstreetbrewery.com | hue@millstreetbrewery.com | calgarybrewpub@millstreetbrewery.com | sam.jacobs@millstreetbrewery.com | yyz@millstreetbrewpub.ca | ucas@millstreetbrewery.com | toronto@millstreetbrewpub.ca | inside.sales@millstreetbrewery.com | info@millstreetcalgarybrewpub.com | christine@millstreetbrewpub.ca | events@millstreetbrewery.com | mackenzie.graham@millstreetbrewery.com | acobs@millstreetbrewery.com | marley@fabrestaurants.ca | stephanie.leeshue@millstreetbrewery.com | beerhall@millstreetbrewpub.ca,http://millstreetbrewery.com/contact-us/
myhresdeli.marketing@gmail.com,http://myhresdeli.com/contact.html
info@cravingsmarketrestaurant.com,https://cravingsmarketrestaurant.com/contact/
contact@motimahal.ca,https://motimahal.ca/
nickssteakhouse@gmail.com,https://nickssteakandpizza.com/
5@2x.png,https://www.calcuttacricketclub.com/
8b4e078a51d04e0e9efdf470027f0ec1@sentry.wixpress,https://www.wix.com/lphtml/parking?redirectedFor=mazajloungecalgary.com
info@dirtbelly.com,http://www.dirtbelly.com/
info@thebluescan.com | donate@thebluescan.com,https://thebluescan.com/
info@perogyboyz.com,https://perogyboyz.com/
goldencactusrestaurant@outlook.com,http://goldencactus.ca/contact-us/
8b4e078a51d04e0e9efdf470027f0ec1@sentry.wixpress,https://www.francas.ca/
impallari@gmail.com | hello@rfuenzalida.com | cassy@velvetcafecalgary.ca | astigma@astigmatic.com | matt@pixelspread.com,https://velvetcafecalgary.ca/
8b4e078a51d04e0e9efdf470027f0ec1@sentry.wixpress,https://www.stromboliinn.com/
ninfo@pegasuscalgary.com,https://www.pegasuscalgary.com/
veg.in.yyc@gmail.com,https://www.veginyyc.com/
info@goodearthcoffeehouse.com | franchise@goodearthcoffeehouse.com | rewards@goodearthcoffeehouse.com,https://goodearthcoffeehouse.com/about-us/contact-us
8b4e078a51d04e0e9efdf470027f0ec1@sentry.wixpress | info@veganstreeteats.ca,https://www.veganstreeteats.ca/
dethai@telus.net,http://dethaicuisine.com
info@bonterra.ca,https://bonterra.ca/
lunarossarest@shaw.ca,http://www.lalunarossa.ca/contact.html
heavencalgary@gmail.com | jose.quiroz@gmail.com,https://heavengf.com/
info@purekitchenbar.com | 8b4e078a51d04e0e9efdf470027f0ec1@sentry.wixpress,https://www.purekitchenbar.com/
info@eatatwill.ca,https://www.eatatwill.ca/
2@test.com | 1@test.com | 0@test.com,https://moxies.com/contact-us
info@silverdragoncalgary.com | annettefung1@hotmail.com,https://www.silverdragoncalgary.com
micah@micahrich.com,https://aladdinscasbah.com/
careers@q2concepts.com,https://www.wiseandwright.com/
contact@jerusalemshawarma.ca,http://jerusalemshawarma.ca
toshi@carinobistro.ca,https://www.eatcarino.com/
info@deanehouse.com,https://www.deanehouse.com/
michal@sidewalkcitizenbakery.com | orders@sidewalkcitizenbakery.com | michal@sidewalkctizenbakery.com,https://www.sidewalkcitizenbakery.com/
tplacemoms@gmail.com,http://momsplace.ca
g@2x.jpg,https://www.nandos.ca/
info@thaibistro.ca | booking@thaibistro.ca,https://thaibistro.ca/
rocco@500cucina.com | rocco@scarpettaeatery.com,https://www.scarpettaeatery.com/
hello@namvk.com,http://www.namvk.com/
marketing@rangefish.ca | info@rangefish.ca,https://open-range.ca/
hello@donnamacyyc.ca,https://www.donnamacyyc.ca/
ninfo@po-ke.ca,http://po-ke.ca
xb8@veg.fulfood | livemusic@vendomecafe.com | natalia@vendomecafe.com | risti@vendome.ca,https://vendomecafe.com/
g@2x.jpg,https://www.nandos.ca/
reserve@freehouseyyc.com | info@freehouseyyc.com,https://freehouseyyc.com/
info@minassteakhouse.com,https://www.minassteakhouse.com/
info@omoteppan.com,https://omoyyc.com/
tutierra.restaurant@gmail.com,http://tutierra.ca/index.html
calgarypekinghouse98@gmail.com,https://www.pekinghouse98.ca/
ashley@wednesdayroom.com,http://wednesdayroom.com
info@nikospizza.ca,http://nikospizza.ca
info@posto.ca,https://posto.ca/
info@konapoke.com,https://www.konapoke.com/
info@verobistro.ca,http://verobistro.ca
thecouprestaurant@gmail.com,https://www.thecoup.ca/
pbuckley@osf.ca | klobson@osf.ca | nwilson@osf.ca | mthompson@osf.ca | ckanuka@osf.ca | jchan@osf.ca | admin@osf.ca | abuckley@osf.ca | donations@osf.ca | crivers@osf.ca | hwylie@osf.ca,http://www.oldspaghettifactory.ca/contact/
thespicyamigos@hotmai.com,http://www.thespicyamigos.com/
hello@rfuenzalida.com | contact@sansoxygen.com | impallari@gmail.com | matt@pixelspread.com,https://modernsteak.ca/
events@thejamaicanjerk.ca,https://thejamaicanjerk.ca/contact-us
littlelebanondeli@gmail.com | ogo@300x.png,http://littlelebanonpita.com
yvetteflee@gmail.com | tekkotsuya@gmail.com,https://tekkotsucalgary.weebly.com/
blackfootdiner56@gmail.com,http://blackfootdiner.ca/contact.html
reservations@labrezza.ca,http://labrezza.ca
john@allorarestaurant.com,https://allorarestaurant.com/contact-us/
8b4e078a51d04e0e9efdf470027f0ec1@sentry.wixpress | hello@janebondbbq.com,https://www.janebondbbq.com/
contact@breadandcircusyyc.com,https://breadandcircusyyc.com/
info@teatro.ca,https://teatro.ca/
erniet@trolley5.com,https://trolley5.com/
beltline@cluckncleaver.com | squawk@cluckncleaver.com | westsprings@cluckncleaver.com,http://cluckncleaver.com
8b4e078a51d04e0e9efdf470027f0ec1@sentry.wixpress | info@purlieucalgary.ca,https://www.purlieucalgary.ca/
ogamchicken@gmail.com | info@ogamchicken.com,http://ogamchicken.com
info@linasmarket.com,https://linasmarket.com/
vannan1984@gmail.com | info@freshsifoods.com,http://freshsifoods.com
tomoip@icloud.com,https://redheadscafe.com/
j.smith@email.com,https://bigtsbbq.com/
info@qhautecuisine.com,https://www.qhautecuisine.com/
hello@alumnisandwiches.com,https://alumnisandwiches.com/
gardenofitaly@gmail.com,http://gardenofitaly.com
info@koicalgary.com,https://www.koicalgary.com/
info@thegooseyyc.ca,https://thegooseyyc.ca/
info@edelweissimports.com,https://edelweissimports.com/
info@flowerandwolfcalgary.com,http://www.flowerandwolfcalgary.com/
mail@stagewestcalgary.com,https://stagewestcalgary.com/contact-info/
8b4e078a51d04e0e9efdf470027f0ec1@sentry.wixpress,https://www.simplyirie.ca/
info@bridgelandmarket.com,http://tazzafresh.com
savegcafe@gmail.com,https://www.savegcafe.ca/
8b4e078a51d04e0e9efdf470027f0ec1@sentry.wixpress | lacasalatinacalgary@gmail.com,https://www.lacasalatina.net/
reservations@charbar.ca | info@charbar.ca,http://www.charbar.ca/
jureeptrentham@hotmail.com | 8b4e078a51d04e0e9efdf470027f0ec1@sentry.wixpress,https://www.jureesthaiplace.com/
ermeh.pastry@gmail.com,https://termehcalgary.ca/
info@brasseriekensington.com,http://www.brasseriekensington.com/
info@ricardoshideaway.ca,http://www.ricardoshideaway.ca/contact
hello@kleinharris.com,https://www.kleinharris.com/
kensington@hotelarts.ca,https://www.hotelartskensington.com/
durpat@shaw.ca | 8b4e078a51d04e0e9efdf470027f0ec1@sentry.wixpress,https://www.fleurdeselbrasserie.com/
mall@2x.png | events@blinkcalgary.com,https://www.blinkcalgary.ca/
info@cleavercalgary.com,https://www.cleavercalgary.com/
contact@sansoxygen.com,https://modernocean.ca/
info@kingeddy.ca,https://kingeddy.ca/
info@mercatogourmet.com,https://www.mercatogourmet.com/contact
tasteofkorea17@gmail.com | 8b4e078a51d04e0e9efdf470027f0ec1@sentry.wixpress,https://www.tasteofkorea.ca/
customerservice@pioperu.com,https://www.pioperu.com/
reservations@4thspot.com,https://4thspot.com/
david@one18empire.com | info@one18empire.com,http://one18empire.com
info@thebeltliner.com,http://thebeltliner.com
ev@2x.png | sset-3@2x.png,https://river-cafe.com/
info@cottoyyc.com,http://cottoyyc.com
info@seednsalt.com,https://www.seednsalt.com/
info@haydenblockyyc.com,http://haydenblockyyc.com
info@chixeggshop.com,https://www.chixeggshop.com/
info@eatcucina.com | diana@eatcucina.com,https://eatcucina.com/
info@localon8thave.com,https://localpubliceatery.com/neighbourhoods/8th-ave/
info@alforno.ca,https://alforno.ca/
pbandjyyc@gmail.com,https://pbandjyyc.ca/
tacosmexicocalgary@hotmail.com | 8b4e078a51d04e0e9efdf470027f0ec1@sentry.wixpress | tacosmexicoyyc@hotmail.com | support@riiwards.com,https://www.tacosmexicoyyc.com/
kathy@empanadaqueen.ca,http://empanadaqueen.ca
events@lastbestbrewing.com | covid19feedback@bearhill.ca,https://lastbestbrewing.com/
info@kingsrestaurant.net,https://www.kingsrestaurant.net/
namonaturals@gmail.com,http://namonaturals.com
info@schnitzel.ca,https://wienerschnitzel.ca/
info@bigrockgrill.com,https://bigrockgrill.com/
81777-39051778@api.time | 81777-38964768@api.time | 81777-38954053@api.time | 81777-38991219@api.time | 81777-38913844@api.time | 81777-39033364@api.time,https://www.sait.ca/
contact@pubblicoitaliankitchen.com,https://pubblicoitaliankitchen.com/
info@edenbistro.ca,http://edenbistro.ca
info@thenashyyc.com | media@thenashyyc.com | music@offcutbar.com,http://thenashyyc.com/contact/
ktownfriedchicken@gmail.com,https://ktownfriedchicken.com/
info@marketcalgary.ca,https://marketcalgary.ca/
brunch@monkibistro.ca,https://www.monkibistro.ca/
info@theallium.ca,https://www.theallium.ca/
8b4e078a51d04e0e9efdf470027f0ec1@sentry.wixpress,https://www.wakadoramen.com/
geddes@pressandpost.com | events@pigeonholeyyc.ca | info@pigeonholeyyc.ca,https://www.pigeonholeyyc.ca/contact
nfo@petersdrivein.com,http://petersdrivein.com
info@empireprovisions.com,https://www.empireprovisions.com/
ninfo@masalabhavan.com | info@masalabhavan.com,https://masalabhavan.com/
info@teahouseyyc.com,https://www.teahouseyyc.com/
marc@thederrickyyc.com | nathan@thederrickyyc.com | nathanb@thederrickyyc.com | westhom@thederrickyyc.com | angela@thederrickyyc.com,http://thederrickyyc.com
8b4e078a51d04e0e9efdf470027f0ec1@sentry.wixpress,https://www.cafealchemist.com/
your@email.com,https://www.lifestylesbistro.ca/
lantain-768x512@2x.jpg | tilapia-100x100@2x.png | gusi-100x100@2x.jpg | jollof-rice-2-1024x683@2x.jpg | nail-150x150@2x.jpg | ish-150x150@2x.jpg | jollof-rice-2-377x251@2x.jpg | sun-1-150x150@2x.jpg | ice-150x150@2x.jpg | gizzard-100x100@2x.jpg | ice-100x100@2x.jpg | mango-juice-150x150@2x.jpg | pineapple-juice-400x400@2x.jpg | ish-100x100@2x.jpg | ake-400x400@2x.jpg | nwokobi-150x150@2x.png | eppersoup-100x100@2x.jpg | iyan-400x400@2x.png | lantain-400x400@2x.jpg | _4693-100x100@2x.jpg | nside-1-1-300x200@2x.jpg | jollof-rice-2-400x400@2x.jpg | logo-2-100x100@2x.png | lantain-377x251@2x.jpg | plantains-100x100@2x.png | palm-wine-100x100@2x.jpg | reviews-300x262@2x.jpg | lantain-150x150@2x.jpg | ie-1-400x400@2x.jpg | pepper-soup-100x100@2x.jpg | ake-150x150@2x.jpg | plantains-150x150@2x.png | ish-400x400@2x.jpg | ake-100x100@2x.jpg | gusi-400x400@2x.jpg | iyan-150x150@2x.png | logo-2-150x150@2x.png | uff-150x150@2x.jpg | jollof-rice-2-150x150@2x.jpg | pineapple-juice-300x300@2x.jpg | nside-1-1-600x400@2x.jpg | jollof-rice-2-100x100@2x.jpg | sun-1-400x400@2x.jpg | nside-1-1-377x251@2x.jpg | mango-juice-300x300@2x.jpg | sausage-roll1-150x150@2x.jpg | _4690-100x100@2x.jpg | lantain-600x400@2x.jpg | fried-rice-300x300@2x.png | sausage-roll1-100x100@2x.jpg | info@flavourcuisineandcatering.com | fanta-bottle-400x400@2x.jpg | ofada-rice-150x150@2x.png | lantain-300x200@2x.jpg | eppersoup-150x150@2x.jpg | nail-400x400@2x.jpg | uff-400x400@2x.jpg | ofada-rice-100x100@2x.png | begiri-150x150@2x.jpg | _4692-100x100@2x.jpg | nside-1-1-1024x683@2x.jpg | _4691-100x100@2x.jpg | iyan-400x400@2x.jpg | ebas-150x150@2x.jpg | nail-100x100@2x.jpg | palm-wine-150x150@2x.jpg | pineapple-juice-100x100@2x.jpg | jollof-rice-300x300@2x.png | _4689-100x100@2x.jpg | mango-juice-100x100@2x.jpg | gizzard-150x150@2x.jpg | tilapia-150x150@2x.png | iyan-100x100@2x.png | jollof-rice-100x100@2x.png | fried-rice-100x100@2x.png | eppersoup-400x400@2x.jpg | pepper-soup-150x150@2x.jpg | jollof-rice-2-300x200@2x.jpg | ricebeans-400x400@2x.png | ie-1-100x100@2x.jpg | begiri-100x100@2x.jpg | ebas-400x400@2x.jpg | iyan-100x100@2x.jpg | pecial-100x100@2x.jpg | iyan-150x150@2x.jpg | ofada-rice-300x300@2x.png | yam-porrige-100x100@2x.png | yam-porrige-150x150@2x.png | ie-1-150x150@2x.jpg | jollof-rice-2-600x400@2x.jpg | gusi-150x150@2x.jpg | ricebeans-100x100@2x.png | _4694-100x100@2x.jpg | jollof-rice-2-768x512@2x.jpg | ricebeans-150x150@2x.png | jollof-rice-150x150@2x.png | fanta-bottle-100x100@2x.jpg | yam-porrige-300x300@2x.png | uff-100x100@2x.jpg | fanta-bottle-300x300@2x.jpg | ebas-100x100@2x.jpg | nwokobi-100x100@2x.png | pineapple-juice-150x150@2x.jpg | palm-wine-300x300@2x.jpg | sun-1-100x100@2x.jpg | pecial-150x150@2x.jpg | fanta-bottle-150x150@2x.jpg | lantain-1024x683@2x.jpg | nside-1-1-768x512@2x.jpg | begiri-400x400@2x.jpg | lantain-100x100@2x.jpg | mango-juice-400x400@2x.jpg | fried-rice-150x150@2x.png | ice-400x400@2x.jpg,https://flavourcuisineandcatering.com/
info@charbar.ca,http://rtbsimmons.ca
pregocanada@gmail.com,http://www.pregocalgary.com/
8b4e078a51d04e0e9efdf470027f0ec1@sentry.wixpress | joeylee1003@gmail.com,https://www.kingfisherseafood.net/
info@kingsrestaurant.net,https://www.kingsrestaurant.net/
info@pelicanpier.ca,http://www.pelicanpier.ca/
info@brazilianbbq.ca,https://www.brazilianbbq.ca/
brunch@monkibistro.ca,https://www.monkibistro.ca/
info@savoys.ca | info.savoys@gmail.com | savoyscanada@gmail.com,https://savoys.ca/calgary/
sgrille@heritagepark.ca,https://www.selkirkgrille.ca/
raw_bar_logo@2x.png,https://rawbaryyc.ca/
sushi@zipang.ca,https://zipang.ca/
info@twopenny.ca | cody@thankyouhospitality.com,https://www.twopenny.ca/contact
info@livingroomrestaurant.ca | john@livingroomrestaurant.ca,https://livingroomrestaurant.ca/
sales@peppinogourmet.com,http://peppinogourmet.com
info@therockfort.ca,http://www.therockfort.ca/menu/contact/
luxorcafe.catering@hotmail.com,http://www.luxorcafe.ca/contact-us.php
yellowdoor_favicon@2x.png | yd_special_1_back@2x.png,https://yellowdoorbistro.ca/
info@comeryblock.com,http://comeryblock.com
admin@calanbeefnoodle.ca | calanbeefnoodle@gmail.com,http://calanbeefnoodle.ca
info@zcrewcafe.com,https://zcrewcafe.com/
n9na.17@gmail.com,http://n9na.ca
eat@nightsandweekends.ca,https://www.nightsandweekends.ca/
bennysbreakfastbar@gmail.com,https://bennysbreakfastbar.ca/contact-directions/
media@notabletherestaurant.ca | info@notabletherestaurant.ca,http://notabletherestaurant.ca/contact/
info@modelmilk.ca,http://www.modelmilk.ca/contact
tokyojapanstreetmarket@gmail.com,https://tokyostreetmarket.com/
brunch@brekkie.ca | reservations@brekkie.ca,https://brekkie.ca/
info@bridgettebar.com | geddes@pressandpost.com,http://www.bridgettebar.com/contact
info@workshopcalgary.com,https://workshopcalgary.com/
eat@tenfoothenry.com,http://www.tenfoothenry.com/
